<?xml version="1.0" encoding="iso-8859-1" ?>
<refresh>60</refresh>
<userid>root</userid>
<password>1234</password>
<group>golden</group>
<channel_expired_time>12/31/2024</channel_expired_time>
<pay_per_view>free</pay_per_view>
<ppv_point>2000</ppv_point>
<smart_phone>0988888888</smart_phone>
<tablet>001122334455</tablet>
<desktop>112233445566</desktop>
<tv>112233445566</tv>
<first_name>Admin</first_name>
<last_name>Admin</last_name>
<address>13F-1, No.189,Sec. 2 , Keelung Rd</address>
<city>Taipei</city>
<zip>110</zip>
<tel>02-27354224</tel>
<email>sales@ezometech.com</email>
<userid>robert</userid>
<password>1234</password>
<group>sliver</group>
<channel_expired_time>12/31/2024</channel_expired_time>
<pay_per_view>post</pay_per_view>
<ppv_point>2000</ppv_point>
<smart_phone>0999999999</smart_phone>
<tablet>112233445566</tablet>
<desktop>112233445566</desktop>
<tv>112233445566</tv>
<first_name>Kao</first_name>
<last_name>Robert</last_name>
<address>13F-1, No.189,Sec. 2 , Keelung Rd</address>
<city>Taipei</city>
<zip>110</zip>
<tel>02-27354224</tel>
<email>sales@ezometech.com</email>
<userid>susan</userid>
<password>1234</password>
<group>basic</group>
<channel_expired_time>12/31/2024</channel_expired_time>
<pay_per_view>pre</pay_per_view>
<ppv_point>2000</ppv_point>
<smart_phone>0977777777</smart_phone>
<tablet>112233445566</tablet>
<desktop>112233445566</desktop>
<tv>112233445566</tv>
<first_name>Susan</first_name>
<last_name>Tzou</last_name>
<address>12F-1, No.189,Sec. 2 , Keelung Rd</address>
<city>Taipei</city>
<zip>111</zip>
<tel>02-27354224</tel>
<email>sales@ezometech.com</email>
<userid>david</userid>
<password>1234</password>
<group>basic</group>
<channel_expired_time>12/31/2024</channel_expired_time>
<pay_per_view>pre</pay_per_view>
<ppv_point>2000</ppv_point>
<smart_phone></smart_phone>
<tablet></tablet>
<desktop></desktop>
<tv></tv>
<first_name></first_name>
<last_name></last_name>
<address></address>
<city></city>
<zip></zip>
<tel></tel>
<email></email>
<userid>dummy</userid>
<password>1234</password>
<group>basic</group>
<channel_expired_time>12/31/2024</channel_expired_time>
<pay_per_view>pre</pay_per_view>
<ppv_point>3000</ppv_point>
<smart_phone></smart_phone>
<tablet></tablet>
<desktop></desktop>
<tv></tv>
<first_name></first_name>
<last_name></last_name>
<address></address>
<city></city>
<zip></zip>
<tel></tel>
<email></email>
