<?xml version="1.0" encoding="iso-8859-1" ?>
<online_player_no time="08/10/2015 19:45:13">0,0,0</online_player_no>
<online_player_no time="08/10/2015 19:50:13">0,0,0</online_player_no>
<online_player_no time="08/10/2015 19:55:14">0,0,0</online_player_no>
<online_player_no time="08/10/2015 20:00:14">0,0,0</online_player_no>
<online_player_no time="08/10/2015 20:05:14">0,0,0</online_player_no>
<online_player_no time="08/10/2015 20:10:15">0,0,0</online_player_no>
<online_player_no time="08/10/2015 20:15:15">0,0,0</online_player_no>
<online_player_no time="08/10/2015 20:20:15">0,0,0</online_player_no>
<online_player_no time="08/10/2015 20:25:15">0,0,0</online_player_no>
<online_player_no time="08/10/2015 20:30:16">0,0,0</online_player_no>
<?xml version="1.0" encoding="iso-8859-1" ?>
<online_player_no time="08/10/2015 20:33:47">0,0,0,0,0,0,0</online_player_no>
<online_player_no time="08/10/2015 20:38:48">0,0,0,0,0,0,0</online_player_no>
<online_player_no time="08/10/2015 20:43:48">0,0,0,0,0,0,0</online_player_no>
<online_player_no time="08/10/2015 20:48:48">0,0,0,0,0,0,0</online_player_no>
<online_player_no time="08/10/2015 20:53:48">0,0,0,0,0,0,0</online_player_no>
<online_player_no time="08/10/2015 20:58:48">0,0,0,0,0,0,0</online_player_no>
<online_player_no time="08/10/2015 21:03:48">0,0,0,0,0,0,0</online_player_no>
<online_player_no time="08/10/2015 21:08:48">0,0,0,0,0,0,0</online_player_no>
<online_player_no time="08/10/2015 21:13:48">0,0,0,0,0,0,0</online_player_no>
<online_player_no time="08/10/2015 21:18:48">0,0,0,0,0,0,0,0</online_player_no>
<online_player_no time="08/10/2015 21:23:48">0,0,0,0,0,0,0,0</online_player_no>
<online_player_no time="08/10/2015 21:28:48">0,0,0,0,0,0,0,0</online_player_no>
<online_player_no time="08/10/2015 21:33:48">0,0,0,0,0,0,0,0</online_player_no>
<online_player_no time="08/10/2015 21:38:48">0,0,0,0,0,0,0,0</online_player_no>
<online_player_no time="08/10/2015 21:43:48">0,0,0,0,0,0,0,0</online_player_no>
<?xml version="1.0" encoding="iso-8859-1" ?>
<online_player_no time="08/10/2015 21:56:48">0,0,0</online_player_no>
